{"cameraMode":{"drawMode":0,"name":"Shaded","section":"Shading Mode"},"sceneLighting":true,"audioPlay":false,"sceneViewState":{"m_AlwaysRefresh":false,"showFog":true,"showSkybox":true,"showFlares":true,"showImageEffects":true,"showParticleSystems":true,"showVisualEffectGraphs":true,"m_FxEnabled":true},"in2DMode":false,"pivot":{"x":-0.007447719573974609,"y":2.2896180152893068,"z":-0.006792545318603516},"rotation":{"x":0.0922924131155014,"y":-0.495067298412323,"z":0.052760351449251178,"w":0.8624377846717835},"size":10.083696365356446,"orthographic":false}