{"cameraMode":{"drawMode":0,"name":"Shaded","section":"Shading Mode"},"sceneLighting":true,"audioPlay":false,"sceneViewState":{"m_AlwaysRefresh":false,"showFog":true,"showSkybox":true,"showFlares":true,"showImageEffects":true,"showParticleSystems":true,"showVisualEffectGraphs":true,"m_FxEnabled":true},"in2DMode":false,"pivot":{"x":-27.131319046020509,"y":-1.7638401985168458,"z":21.58713150024414},"rotation":{"x":-0.035170990973711017,"y":0.4008657932281494,"z":-0.015387623570859433,"w":-0.9153543710708618},"size":23.93354034423828,"orthographic":false}