{"cameraMode":{"drawMode":0,"name":"Shaded","section":"Shading Mode"},"sceneLighting":true,"audioPlay":false,"sceneViewState":{"m_AlwaysRefresh":false,"showFog":true,"showSkybox":true,"showFlares":true,"showImageEffects":true,"showParticleSystems":true,"showVisualEffectGraphs":true,"m_FxEnabled":true},"in2DMode":false,"pivot":{"x":0.21477723121643067,"y":2.7556920051574709,"z":-0.31104207038879397},"rotation":{"x":0.09710761904716492,"y":-0.49987950921058657,"z":0.05634468048810959,"w":0.8588601350784302},"size":2.074354648590088,"orthographic":false}