{"cameraMode":{"drawMode":0,"name":"Shaded","section":"Shading Mode"},"sceneLighting":true,"audioPlay":false,"sceneViewState":{"m_AlwaysRefresh":false,"showFog":true,"showSkybox":true,"showFlares":true,"showImageEffects":true,"showParticleSystems":true,"showVisualEffectGraphs":true,"m_FxEnabled":true},"in2DMode":false,"pivot":{"x":0.4729187488555908,"y":2.303654670715332,"z":-0.7818187475204468},"rotation":{"x":0.0674481987953186,"y":-0.8862985968589783,"z":0.13666841387748719,"w":0.4373476207256317},"size":2.3898122310638429,"orthographic":false}